news,label
Environment: Government wins major award,Fake
Economy: Government launches new smartphone,Fake
Crime: Government announces new policy,Fake
Health: Government suffers data breach,Real
Economy: Government suffers data breach,Real
Environment: Government introduces new law,Fake
Science: Government declares emergency,Real
Politics: Government declares emergency,Real
Science: Government opens new school,Real
Entertainment: Government discovers new planet,Fake
Politics: Government faces corruption charges,Real
Technology: Government introduces new law,Fake
Education: Government suffers data breach,Fake
Politics: Government announces new policy,Fake
Sports: Government discovers new planet,Real
Education: Government discovers new planet,Real
Economy: Government reports record profits,Real
Politics: Government launches new smartphone,Fake
Science: Government wins major award,Fake
Politics: Government wins major award,Real
Education: Government launches new smartphone,Real
Crime: Government discovers new planet,Real
Sports: Government launches new smartphone,Real
Technology: Government reports record profits,Real
Economy: Government suffers data breach,Real
Crime: Government announces new policy,Fake
Entertainment: Government launches new smartphone,Real
Education: Government declares emergency,Fake
Science: Government opens new school,Real
Crime: Government announces new policy,Fake
Science: Government discovers new planet,Real
Economy: Government announces new policy,Fake
Environment: Government announces new policy,Fake
Politics: Government launches new smartphone,Fake
Science: Government suffers data breach,Fake
Entertainment: Government faces corruption charges,Real
Entertainment: Government declares emergency,Real
Sports: Government launches new smartphone,Fake
Health: Government introduces new law,Real
Health: Government declares emergency,Fake
Health: Government launches new smartphone,Real
Health: Government introduces new law,Real
Sports: Government faces corruption charges,Fake
Environment: Government launches new smartphone,Real
Sports: Government faces corruption charges,Fake
Science: Government suffers data breach,Fake
Health: Government declares emergency,Real
Technology: Government reports record profits,Fake
Education: Government reports record profits,Fake
Politics: Government reports record profits,Fake
Environment: Government opens new school,Fake
Economy: Government discovers new planet,Real
Sports: Government faces corruption charges,Real
Health: Government discovers new planet,Real
Sports: Government declares emergency,Fake
Health: Government declares emergency,Fake
Science: Government announces new policy,Fake
Education: Government launches new smartphone,Real
Health: Government introduces new law,Real
Health: Government discovers new planet,Fake
Sports: Government announces new policy,Fake
Politics: Government suffers data breach,Fake
Politics: Government announces new policy,Fake
Sports: Government suffers data breach,Real
Politics: Government faces corruption charges,Real
Technology: Government suffers data breach,Fake
Technology: Government suffers data breach,Real
Education: Government declares emergency,Fake
Economy: Government opens new school,Fake
Politics: Government discovers new planet,Real
Politics: Government discovers new planet,Fake
Politics: Government wins major award,Real
Sports: Government reports record profits,Fake
Entertainment: Government announces new policy,Fake
Environment: Government discovers new planet,Fake
Politics: Government reports record profits,Real
Education: Government introduces new law,Fake
Sports: Government reports record profits,Fake
Politics: Government declares emergency,Real
Politics: Government introduces new law,Fake
Sports: Government launches new smartphone,Fake
Science: Government opens new school,Fake
Science: Government suffers data breach,Real
Economy: Government wins major award,Real
Technology: Government faces corruption charges,Fake
Crime: Government announces new policy,Real
Crime: Government faces corruption charges,Real
Crime: Government declares emergency,Fake
Health: Government discovers new planet,Fake
Education: Government wins major award,Real
Science: Government declares emergency,Fake
Sports: Government suffers data breach,Real
Sports: Government introduces new law,Real
Technology: Government wins major award,Fake
Economy: Government discovers new planet,Real
Education: Government faces corruption charges,Fake
Entertainment: Government declares emergency,Fake
Crime: Government discovers new planet,Fake
Science: Government introduces new law,Real
Education: Government opens new school,Fake
Environment: Government suffers data breach,Real
Environment: Government suffers data breach,Real
Technology: Government launches new smartphone,Fake
Science: Government suffers data breach,Fake
Science: Government discovers new planet,Fake
Technology: Government introduces new law,Real
Politics: Government suffers data breach,Real
Health: Government suffers data breach,Real
Science: Government opens new school,Fake
Crime: Government declares emergency,Fake
Economy: Government declares emergency,Fake
Environment: Government announces new policy,Real
Science: Government launches new smartphone,Real
Technology: Government wins major award,Real
Entertainment: Government launches new smartphone,Real
Economy: Government discovers new planet,Fake
Technology: Government announces new policy,Fake
Economy: Government faces corruption charges,Fake
Sports: Government opens new school,Real
Entertainment: Government introduces new law,Real
Economy: Government declares emergency,Fake
Science: Government suffers data breach,Fake
Politics: Government suffers data breach,Real
Economy: Government opens new school,Real
Technology: Government declares emergency,Fake
Health: Government launches new smartphone,Real
Environment: Government opens new school,Real
Politics: Government opens new school,Fake
Science: Government wins major award,Real
Environment: Government launches new smartphone,Fake
Sports: Government wins major award,Real
Technology: Government wins major award,Fake
Technology: Government wins major award,Fake
Crime: Government discovers new planet,Fake
Sports: Government faces corruption charges,Real
Sports: Government wins major award,Fake
Health: Government faces corruption charges,Fake
Crime: Government opens new school,Fake
Environment: Government reports record profits,Real
Technology: Government faces corruption charges,Real
Science: Government announces new policy,Fake
Economy: Government faces corruption charges,Fake
Health: Government discovers new planet,Real
Entertainment: Government introduces new law,Fake
Health: Government suffers data breach,Real
Science: Government faces corruption charges,Fake
Science: Government declares emergency,Real
Health: Government reports record profits,Fake
Health: Government announces new policy,Fake
Sports: Government wins major award,Real
Politics: Government discovers new planet,Real
Education: Government reports record profits,Real
Health: Government faces corruption charges,Real
Science: Government launches new smartphone,Fake
Technology: Government declares emergency,Fake
Entertainment: Government declares emergency,Fake
Science: Government suffers data breach,Fake
Entertainment: Government announces new policy,Fake
Technology: Government suffers data breach,Fake
Science: Government announces new policy,Fake
Science: Government opens new school,Real
Education: Government faces corruption charges,Real
Science: Government suffers data breach,Fake
Politics: Government declares emergency,Fake
Education: Government declares emergency,Real
Entertainment: Government introduces new law,Real
Entertainment: Government introduces new law,Fake
Politics: Government reports record profits,Real
Entertainment: Government faces corruption charges,Real
Environment: Government faces corruption charges,Fake
Sports: Government wins major award,Fake
Politics: Government suffers data breach,Fake
Environment: Government launches new smartphone,Real
Sports: Government opens new school,Real
Entertainment: Government faces corruption charges,Fake
Sports: Government declares emergency,Fake
Entertainment: Government launches new smartphone,Fake
Education: Government reports record profits,Real
Politics: Government suffers data breach,Fake
Science: Government reports record profits,Real
Science: Government faces corruption charges,Real
Education: Government reports record profits,Real
Sports: Government wins major award,Fake
Economy: Government discovers new planet,Fake
Science: Government declares emergency,Real
Education: Government opens new school,Fake
Sports: Government declares emergency,Real
Entertainment: Government launches new smartphone,Fake
Health: Government launches new smartphone,Real
Crime: Government launches new smartphone,Real
Economy: Government suffers data breach,Fake
Crime: Government announces new policy,Fake
Entertainment: Government introduces new law,Fake
Entertainment: Government launches new smartphone,Real
Sports: Government introduces new law,Fake
Health: Government launches new smartphone,Fake
Entertainment: Government discovers new planet,Fake
Education: Government reports record profits,Fake
Education: Government discovers new planet,Real
Health: Government declares emergency,Fake
Environment: Government launches new smartphone,Real
Crime: Government wins major award,Real
Education: Government opens new school,Fake
Education: Government introduces new law,Fake
Science: Government faces corruption charges,Real
Science: Government launches new smartphone,Real
Technology: Government suffers data breach,Fake
Crime: Government opens new school,Real
Sports: Government faces corruption charges,Real
Education: Government reports record profits,Real
Education: Government discovers new planet,Real
Health: Government suffers data breach,Real
Entertainment: Government reports record profits,Fake
Sports: Government suffers data breach,Real
Entertainment: Government opens new school,Real
Environment: Government discovers new planet,Real
Sports: Government discovers new planet,Real
Sports: Government discovers new planet,Real
Sports: Government launches new smartphone,Fake
Politics: Government announces new policy,Real
Technology: Government faces corruption charges,Real
Crime: Government wins major award,Real
Health: Government discovers new planet,Real
Technology: Government discovers new planet,Fake
Technology: Government announces new policy,Real
Health: Government reports record profits,Real
Health: Government faces corruption charges,Real
Politics: Government launches new smartphone,Fake
Education: Government introduces new law,Fake
Economy: Government discovers new planet,Fake
Science: Government opens new school,Real
Technology: Government suffers data breach,Fake
Education: Government introduces new law,Fake
Crime: Government discovers new planet,Fake
Education: Government faces corruption charges,Real
Crime: Government suffers data breach,Real
Crime: Government declares emergency,Fake
Education: Government discovers new planet,Real
Science: Government declares emergency,Fake
Technology: Government discovers new planet,Fake
Environment: Government faces corruption charges,Real
Health: Government opens new school,Real
Science: Government discovers new planet,Real
Sports: Government wins major award,Fake
Politics: Government reports record profits,Real
Technology: Government launches new smartphone,Fake
Entertainment: Government suffers data breach,Real
Health: Government announces new policy,Fake
Health: Government wins major award,Fake
Technology: Government launches new smartphone,Fake
Health: Government announces new policy,Fake
Education: Government discovers new planet,Real
Entertainment: Government wins major award,Fake
Crime: Government faces corruption charges,Real
Economy: Government reports record profits,Fake
Economy: Government discovers new planet,Fake
Education: Government faces corruption charges,Real
Science: Government declares emergency,Fake
Crime: Government opens new school,Fake
Environment: Government announces new policy,Real
Science: Government introduces new law,Real
Crime: Government suffers data breach,Fake
Sports: Government reports record profits,Fake
Science: Government announces new policy,Fake
Technology: Government launches new smartphone,Fake
Health: Government discovers new planet,Real
Sports: Government reports record profits,Real
Sports: Government launches new smartphone,Real
Politics: Government launches new smartphone,Fake
Education: Government introduces new law,Real
Health: Government declares emergency,Real
Education: Government suffers data breach,Fake
Sports: Government discovers new planet,Fake
Environment: Government reports record profits,Fake
Entertainment: Government declares emergency,Fake
Entertainment: Government introduces new law,Fake
Entertainment: Government opens new school,Fake
Entertainment: Government wins major award,Real
Politics: Government introduces new law,Fake
Politics: Government declares emergency,Real
Sports: Government reports record profits,Real
Science: Government opens new school,Fake
Science: Government wins major award,Fake
Technology: Government opens new school,Real
Health: Government declares emergency,Fake
Economy: Government faces corruption charges,Fake
Health: Government introduces new law,Real
Science: Government discovers new planet,Real
Sports: Government faces corruption charges,Fake
Economy: Government discovers new planet,Real
Technology: Government announces new policy,Fake
Entertainment: Government wins major award,Fake
Environment: Government reports record profits,Fake
Health: Government introduces new law,Real
Politics: Government introduces new law,Real
Health: Government launches new smartphone,Fake
Technology: Government discovers new planet,Fake
Health: Government faces corruption charges,Fake
Environment: Government reports record profits,Real
Science: Government launches new smartphone,Fake
Science: Government launches new smartphone,Real
Technology: Government wins major award,Fake
Science: Government introduces new law,Real
Education: Government opens new school,Fake
Environment: Government suffers data breach,Fake
Economy: Government wins major award,Fake
Crime: Government faces corruption charges,Real
Health: Government faces corruption charges,Real
Crime: Government launches new smartphone,Real
Sports: Government declares emergency,Real
Politics: Government opens new school,Fake
Education: Government wins major award,Real
Health: Government suffers data breach,Real
Crime: Government introduces new law,Real
Environment: Government suffers data breach,Fake
Crime: Government reports record profits,Fake
Economy: Government introduces new law,Fake
Entertainment: Government suffers data breach,Fake
Economy: Government announces new policy,Fake
Technology: Government discovers new planet,Real
Technology: Government launches new smartphone,Real
Crime: Government discovers new planet,Real
Crime: Government faces corruption charges,Fake
Education: Government wins major award,Real
Health: Government launches new smartphone,Fake
Economy: Government faces corruption charges,Real
Environment: Government declares emergency,Fake
Environment: Government introduces new law,Fake
Education: Government faces corruption charges,Real
Health: Government declares emergency,Real
Entertainment: Government reports record profits,Real
Crime: Government discovers new planet,Fake
Technology: Government wins major award,Real
Crime: Government opens new school,Real
Environment: Government suffers data breach,Real
Health: Government faces corruption charges,Fake
Health: Government opens new school,Fake
Technology: Government wins major award,Fake
Crime: Government wins major award,Fake
Entertainment: Government reports record profits,Fake
Sports: Government discovers new planet,Real
Technology: Government wins major award,Fake
Entertainment: Government launches new smartphone,Real
Science: Government introduces new law,Real
Politics: Government suffers data breach,Real
Science: Government declares emergency,Fake
Science: Government introduces new law,Real
Environment: Government launches new smartphone,Fake
Health: Government introduces new law,Fake
Politics: Government discovers new planet,Real
Education: Government reports record profits,Real
Crime: Government discovers new planet,Fake
Sports: Government introduces new law,Fake
Environment: Government launches new smartphone,Fake
Crime: Government declares emergency,Real
Education: Government introduces new law,Fake
Economy: Government declares emergency,Real
Economy: Government discovers new planet,Real
Sports: Government reports record profits,Fake
Crime: Government announces new policy,Fake
Crime: Government faces corruption charges,Fake
Politics: Government announces new policy,Fake
Education: Government announces new policy,Fake
Entertainment: Government opens new school,Fake
Education: Government discovers new planet,Fake
Education: Government reports record profits,Fake
Health: Government opens new school,Real
Environment: Government faces corruption charges,Real
Entertainment: Government suffers data breach,Fake
Education: Government discovers new planet,Fake
Health: Government reports record profits,Real
Technology: Government faces corruption charges,Fake
Politics: Government faces corruption charges,Real
Entertainment: Government declares emergency,Fake
Entertainment: Government faces corruption charges,Fake
Politics: Government suffers data breach,Real
Science: Government declares emergency,Real
Crime: Government launches new smartphone,Real
Economy: Government discovers new planet,Real
Health: Government opens new school,Real
Sports: Government announces new policy,Fake
Education: Government declares emergency,Fake
Education: Government reports record profits,Real
Entertainment: Government opens new school,Real
Crime: Government wins major award,Fake
Politics: Government wins major award,Real
Education: Government announces new policy,Fake
Sports: Government announces new policy,Real
Technology: Government introduces new law,Fake
Sports: Government discovers new planet,Fake
Entertainment: Government introduces new law,Fake
Economy: Government declares emergency,Fake
Environment: Government introduces new law,Real
Education: Government launches new smartphone,Real
Entertainment: Government faces corruption charges,Real
Health: Government faces corruption charges,Fake
Sports: Government discovers new planet,Fake
Science: Government opens new school,Fake
Sports: Government introduces new law,Fake
Health: Government announces new policy,Real
Economy: Government wins major award,Fake
Science: Government opens new school,Fake
Sports: Government faces corruption charges,Real
Sports: Government declares emergency,Real
Science: Government announces new policy,Real
Education: Government announces new policy,Fake
Sports: Government opens new school,Real
Health: Government suffers data breach,Fake
Education: Government declares emergency,Fake
Politics: Government announces new policy,Real
Education: Government declares emergency,Real
Science: Government launches new smartphone,Fake
Health: Government launches new smartphone,Fake
Sports: Government wins major award,Real
Economy: Government faces corruption charges,Fake
Education: Government declares emergency,Fake
Science: Government wins major award,Fake
Technology: Government faces corruption charges,Real
Technology: Government wins major award,Fake
Technology: Government launches new smartphone,Fake
Science: Government discovers new planet,Real
Education: Government wins major award,Real
Economy: Government suffers data breach,Fake
Technology: Government suffers data breach,Fake
Sports: Government declares emergency,Fake
Entertainment: Government discovers new planet,Real
Economy: Government suffers data breach,Real
Education: Government reports record profits,Fake
Technology: Government faces corruption charges,Fake
Economy: Government suffers data breach,Fake
Crime: Government faces corruption charges,Real
Sports: Government opens new school,Real
Health: Government launches new smartphone,Fake
Environment: Government declares emergency,Fake
Entertainment: Government discovers new planet,Real
Crime: Government announces new policy,Fake
Crime: Government opens new school,Fake
Science: Government declares emergency,Real
Environment: Government introduces new law,Real
Technology: Government launches new smartphone,Real
Sports: Government introduces new law,Real
Technology: Government discovers new planet,Fake
Technology: Government discovers new planet,Real
Crime: Government declares emergency,Real
Science: Government faces corruption charges,Real
Environment: Government announces new policy,Fake
Science: Government opens new school,Fake
Education: Government discovers new planet,Fake
Environment: Government discovers new planet,Fake
Technology: Government declares emergency,Fake
Entertainment: Government reports record profits,Real
Health: Government declares emergency,Fake
Entertainment: Government suffers data breach,Fake
Technology: Government discovers new planet,Real
Technology: Government opens new school,Real
Economy: Government discovers new planet,Real
Science: Government suffers data breach,Fake
Politics: Government opens new school,Fake
Technology: Government suffers data breach,Real
Economy: Government opens new school,Fake
Economy: Government opens new school,Real
Entertainment: Government opens new school,Real
Entertainment: Government discovers new planet,Real
Entertainment: Government discovers new planet,Fake
Economy: Government launches new smartphone,Fake
Sports: Government discovers new planet,Fake
Education: Government discovers new planet,Fake
Politics: Government suffers data breach,Fake
Environment: Government declares emergency,Fake
Health: Government introduces new law,Real
Crime: Government announces new policy,Real
Technology: Government introduces new law,Real
Sports: Government reports record profits,Fake
Environment: Government discovers new planet,Fake
Environment: Government suffers data breach,Real
Science: Government opens new school,Real
Sports: Government reports record profits,Fake
Entertainment: Government faces corruption charges,Fake
Education: Government launches new smartphone,Real
Crime: Government declares emergency,Real
Crime: Government opens new school,Fake
Politics: Government introduces new law,Fake
Science: Government reports record profits,Real
Health: Government discovers new planet,Fake
Science: Government wins major award,Real
Sports: Government wins major award,Fake
Economy: Government reports record profits,Fake
Entertainment: Government opens new school,Real
Health: Government wins major award,Fake
Entertainment: Government declares emergency,Real
Politics: Government announces new policy,Fake
Sports: Government suffers data breach,Real
Economy: Government announces new policy,Fake
Entertainment: Government discovers new planet,Real
Environment: Government wins major award,Real
Sports: Government discovers new planet,Real
Economy: Government suffers data breach,Fake
Crime: Government suffers data breach,Real
Entertainment: Government opens new school,Real
Education: Government declares emergency,Fake
Economy: Government wins major award,Real
Economy: Government reports record profits,Real
Technology: Government discovers new planet,Real
Crime: Government wins major award,Real
Technology: Government introduces new law,Fake
Environment: Government launches new smartphone,Real
Entertainment: Government wins major award,Fake
Crime: Government announces new policy,Real
Health: Government opens new school,Fake
Environment: Government suffers data breach,Real
Crime: Government faces corruption charges,Fake
Health: Government discovers new planet,Real
Technology: Government discovers new planet,Fake
Education: Government opens new school,Real
Sports: Government opens new school,Real
Economy: Government discovers new planet,Real
Sports: Government wins major award,Fake
Health: Government declares emergency,Real
Entertainment: Government opens new school,Fake
Health: Government discovers new planet,Fake
Economy: Government discovers new planet,Real
Technology: Government suffers data breach,Fake
Education: Government launches new smartphone,Real
Health: Government reports record profits,Real
Environment: Government introduces new law,Fake
Sports: Government opens new school,Real
Politics: Government opens new school,Real
Sports: Government discovers new planet,Fake
Crime: Government faces corruption charges,Real
Health: Government introduces new law,Real
Education: Government faces corruption charges,Real
Economy: Government launches new smartphone,Real
Science: Government declares emergency,Real
Health: Government reports record profits,Real
Crime: Government wins major award,Fake
Politics: Government discovers new planet,Real
Education: Government launches new smartphone,Real
Education: Government reports record profits,Fake
Technology: Government introduces new law,Fake
Politics: Government launches new smartphone,Fake
Sports: Government introduces new law,Real
Sports: Government launches new smartphone,Real
Sports: Government suffers data breach,Fake
Sports: Government suffers data breach,Fake
Economy: Government wins major award,Real
Education: Government discovers new planet,Real
Crime: Government wins major award,Fake
Politics: Government reports record profits,Real
Politics: Government suffers data breach,Fake
Science: Government faces corruption charges,Real
Science: Government suffers data breach,Real
Politics: Government announces new policy,Fake
Politics: Government faces corruption charges,Fake
Health: Government suffers data breach,Real
Entertainment: Government launches new smartphone,Fake
Environment: Government wins major award,Real
Entertainment: Government suffers data breach,Real
Crime: Government discovers new planet,Real
Economy: Government announces new policy,Real
Education: Government faces corruption charges,Real
Sports: Government declares emergency,Fake
Science: Government launches new smartphone,Real
Economy: Government suffers data breach,Real
Technology: Government reports record profits,Real
Crime: Government launches new smartphone,Real
Environment: Government suffers data breach,Real
Economy: Government reports record profits,Real
Education: Government suffers data breach,Real
Environment: Government declares emergency,Fake
Technology: Government reports record profits,Fake
Crime: Government introduces new law,Real
Politics: Government launches new smartphone,Fake
Politics: Government wins major award,Fake
Education: Government wins major award,Real
Science: Government reports record profits,Fake
Politics: Government introduces new law,Fake
Environment: Government suffers data breach,Fake
Science: Government launches new smartphone,Fake
Technology: Government launches new smartphone,Real
Politics: Government discovers new planet,Fake
Sports: Government reports record profits,Real
Politics: Government launches new smartphone,Fake
Technology: Government suffers data breach,Fake
Education: Government opens new school,Real
Health: Government declares emergency,Real
Crime: Government announces new policy,Real
Technology: Government declares emergency,Real
Science: Government introduces new law,Fake
Health: Government announces new policy,Fake
Education: Government faces corruption charges,Real
Environment: Government faces corruption charges,Fake
Health: Government discovers new planet,Fake
Entertainment: Government opens new school,Real
Technology: Government faces corruption charges,Real
Economy: Government reports record profits,Real
Economy: Government announces new policy,Fake
Economy: Government discovers new planet,Fake
Education: Government announces new policy,Fake
Crime: Government launches new smartphone,Fake
Environment: Government faces corruption charges,Real
Environment: Government announces new policy,Fake
Sports: Government announces new policy,Fake
Science: Government opens new school,Real
Politics: Government introduces new law,Real
Education: Government opens new school,Fake
Economy: Government wins major award,Real
Technology: Government faces corruption charges,Real
Environment: Government opens new school,Real
Health: Government announces new policy,Fake
Education: Government wins major award,Real
Technology: Government launches new smartphone,Fake
Environment: Government announces new policy,Fake
Entertainment: Government announces new policy,Fake
Entertainment: Government announces new policy,Fake
Politics: Government introduces new law,Fake
Technology: Government suffers data breach,Real
Science: Government wins major award,Real
Environment: Government announces new policy,Real
Science: Government introduces new law,Real
Entertainment: Government launches new smartphone,Fake
Economy: Government introduces new law,Fake
Politics: Government discovers new planet,Fake
Politics: Government announces new policy,Real
Crime: Government reports record profits,Real
Sports: Government opens new school,Real
Education: Government declares emergency,Real
Technology: Government announces new policy,Fake
Environment: Government wins major award,Real
Education: Government declares emergency,Real
Health: Government launches new smartphone,Real
Technology: Government wins major award,Real
Economy: Government wins major award,Real
Technology: Government announces new policy,Fake
Crime: Government introduces new law,Real
Science: Government reports record profits,Fake
Crime: Government introduces new law,Real
Sports: Government opens new school,Fake
Politics: Government wins major award,Real
Health: Government launches new smartphone,Real
Politics: Government declares emergency,Fake
Politics: Government introduces new law,Real
Economy: Government opens new school,Real
Politics: Government discovers new planet,Fake
Science: Government announces new policy,Real
Environment: Government opens new school,Fake
Health: Government announces new policy,Fake
Science: Government opens new school,Real
Environment: Government wins major award,Real
Politics: Government declares emergency,Fake
Environment: Government opens new school,Real
Sports: Government introduces new law,Fake
Politics: Government introduces new law,Real
Technology: Government wins major award,Real
Sports: Government faces corruption charges,Fake
Environment: Government launches new smartphone,Fake
Science: Government introduces new law,Fake
Crime: Government discovers new planet,Fake
Economy: Government faces corruption charges,Real
Sports: Government launches new smartphone,Fake
Health: Government reports record profits,Fake
Politics: Government announces new policy,Fake
Technology: Government reports record profits,Real
Politics: Government opens new school,Fake
Science: Government reports record profits,Fake
Crime: Government launches new smartphone,Real
Economy: Government introduces new law,Real
Politics: Government announces new policy,Real
Technology: Government faces corruption charges,Real
Economy: Government declares emergency,Fake
Crime: Government discovers new planet,Fake
Technology: Government faces corruption charges,Real
Sports: Government wins major award,Real
Technology: Government reports record profits,Real
Politics: Government introduces new law,Fake
Environment: Government launches new smartphone,Fake
Economy: Government announces new policy,Real
Technology: Government introduces new law,Fake
Science: Government faces corruption charges,Real
Education: Government announces new policy,Fake
Crime: Government introduces new law,Fake
Environment: Government discovers new planet,Fake
Crime: Government faces corruption charges,Real
Economy: Government announces new policy,Fake
Entertainment: Government faces corruption charges,Real
Economy: Government opens new school,Real
Crime: Government discovers new planet,Real
Entertainment: Government suffers data breach,Fake
Politics: Government introduces new law,Real
Science: Government introduces new law,Fake
Politics: Government discovers new planet,Fake
Politics: Government faces corruption charges,Fake
Environment: Government faces corruption charges,Fake
Health: Government introduces new law,Real
Education: Government suffers data breach,Real
Health: Government announces new policy,Real
Entertainment: Government discovers new planet,Real
Sports: Government faces corruption charges,Fake
Politics: Government introduces new law,Real
Crime: Government suffers data breach,Real
Environment: Government reports record profits,Fake
Health: Government faces corruption charges,Fake
Technology: Government suffers data breach,Fake
Science: Government reports record profits,Real
Science: Government reports record profits,Fake
Politics: Government introduces new law,Fake
Education: Government introduces new law,Fake
Sports: Government suffers data breach,Real
Crime: Government introduces new law,Real
Science: Government declares emergency,Real
Science: Government wins major award,Fake
Politics: Government reports record profits,Fake
Environment: Government announces new policy,Real
Environment: Government discovers new planet,Real
Environment: Government declares emergency,Real
Environment: Government declares emergency,Fake
Crime: Government opens new school,Real
Sports: Government discovers new planet,Real
Sports: Government faces corruption charges,Fake
Entertainment: Government suffers data breach,Real
Education: Government faces corruption charges,Fake
Sports: Government declares emergency,Real
Entertainment: Government declares emergency,Real
Health: Government discovers new planet,Real
Science: Government reports record profits,Real
Economy: Government introduces new law,Fake
Environment: Government declares emergency,Fake
Sports: Government launches new smartphone,Fake
Economy: Government faces corruption charges,Fake
Technology: Government wins major award,Fake
Health: Government faces corruption charges,Real
Education: Government launches new smartphone,Real
Technology: Government launches new smartphone,Real
Science: Government declares emergency,Real
Education: Government wins major award,Real
Entertainment: Government declares emergency,Real
Health: Government announces new policy,Real
Entertainment: Government opens new school,Fake
Health: Government suffers data breach,Real
Entertainment: Government discovers new planet,Real
Crime: Government suffers data breach,Fake
Education: Government suffers data breach,Real
Health: Government discovers new planet,Fake
Entertainment: Government launches new smartphone,Fake
Sports: Government suffers data breach,Fake
Science: Government launches new smartphone,Fake
Environment: Government suffers data breach,Real
Sports: Government opens new school,Real
Technology: Government faces corruption charges,Fake
Science: Government declares emergency,Real
Politics: Government announces new policy,Real
Science: Government faces corruption charges,Real
Sports: Government declares emergency,Real
Science: Government wins major award,Real
Environment: Government announces new policy,Real
Technology: Government declares emergency,Real
Economy: Government faces corruption charges,Fake
Entertainment: Government discovers new planet,Real
Health: Government discovers new planet,Real
Education: Government suffers data breach,Real
Economy: Government opens new school,Fake
Technology: Government declares emergency,Fake
Environment: Government declares emergency,Real
Science: Government faces corruption charges,Real
Sports: Government announces new policy,Fake
Sports: Government launches new smartphone,Real
Health: Government introduces new law,Fake
Technology: Government wins major award,Fake
Politics: Government faces corruption charges,Real
Science: Government wins major award,Fake
Crime: Government wins major award,Real
Entertainment: Government announces new policy,Fake
Education: Government launches new smartphone,Real
Entertainment: Government introduces new law,Fake
Environment: Government discovers new planet,Real
Science: Government discovers new planet,Fake
Education: Government opens new school,Real
Entertainment: Government faces corruption charges,Fake
Economy: Government introduces new law,Fake
Crime: Government introduces new law,Fake
Education: Government faces corruption charges,Real
Sports: Government reports record profits,Fake
Sports: Government faces corruption charges,Real
Science: Government suffers data breach,Real
Crime: Government declares emergency,Real
Entertainment: Government discovers new planet,Real
Education: Government introduces new law,Real
Entertainment: Government introduces new law,Fake
Science: Government introduces new law,Real
Economy: Government discovers new planet,Fake
Entertainment: Government suffers data breach,Real
Politics: Government introduces new law,Real
Environment: Government opens new school,Real
Sports: Government announces new policy,Real
Education: Government declares emergency,Real
Economy: Government wins major award,Real
Entertainment: Government discovers new planet,Fake
Sports: Government declares emergency,Real
Economy: Government discovers new planet,Real
Education: Government announces new policy,Real
Entertainment: Government launches new smartphone,Real
Environment: Government suffers data breach,Real
Sports: Government reports record profits,Fake
Politics: Government declares emergency,Fake
Health: Government opens new school,Fake
Crime: Government wins major award,Fake
Technology: Government wins major award,Fake
Science: Government declares emergency,Fake
Health: Government declares emergency,Real
Sports: Government reports record profits,Fake
Entertainment: Government wins major award,Fake
Education: Government introduces new law,Real
Entertainment: Government launches new smartphone,Real
Economy: Government launches new smartphone,Fake
Crime: Government launches new smartphone,Fake
Economy: Government opens new school,Real
Sports: Government reports record profits,Fake
Environment: Government announces new policy,Fake
Science: Government opens new school,Real
Environment: Government announces new policy,Fake
Technology: Government faces corruption charges,Fake
Crime: Government opens new school,Real
Environment: Government launches new smartphone,Real
Environment: Government launches new smartphone,Real
Science: Government faces corruption charges,Real
Science: Government opens new school,Fake
Entertainment: Government faces corruption charges,Fake
Education: Government declares emergency,Fake
Economy: Government introduces new law,Real
Health: Government suffers data breach,Fake
Technology: Government declares emergency,Fake
Technology: Government opens new school,Real
Health: Government introduces new law,Real
Economy: Government wins major award,Fake
Entertainment: Government wins major award,Real
Politics: Government declares emergency,Real
Technology: Government reports record profits,Real
Health: Government opens new school,Real
Environment: Government opens new school,Fake
Politics: Government declares emergency,Real
Health: Government launches new smartphone,Fake
Health: Government reports record profits,Fake
Economy: Government discovers new planet,Real
Science: Government reports record profits,Real
Environment: Government discovers new planet,Fake
Health: Government wins major award,Real
Education: Government declares emergency,Real
Politics: Government opens new school,Real
Technology: Government opens new school,Fake
Sports: Government reports record profits,Real
Economy: Government declares emergency,Fake
Politics: Government announces new policy,Fake
Education: Government launches new smartphone,Real
Education: Government declares emergency,Real
Politics: Government declares emergency,Fake
Crime: Government faces corruption charges,Real
Science: Government discovers new planet,Real
Economy: Government announces new policy,Fake
Economy: Government announces new policy,Real
Science: Government launches new smartphone,Real
Sports: Government opens new school,Fake
Health: Government introduces new law,Real
Entertainment: Government declares emergency,Real
Education: Government discovers new planet,Fake
Economy: Government launches new smartphone,Fake
Politics: Government suffers data breach,Real
Economy: Government introduces new law,Fake
Economy: Government faces corruption charges,Fake
Politics: Government opens new school,Fake
Entertainment: Government introduces new law,Real
Entertainment: Government faces corruption charges,Real
Crime: Government faces corruption charges,Real
Health: Government introduces new law,Real
Health: Government discovers new planet,Real
Education: Government declares emergency,Real
Environment: Government announces new policy,Fake
Politics: Government faces corruption charges,Fake
Politics: Government introduces new law,Real
Entertainment: Government declares emergency,Fake
Environment: Government introduces new law,Fake
Economy: Government discovers new planet,Fake
Technology: Government opens new school,Fake
Education: Government discovers new planet,Fake
Environment: Government discovers new planet,Real
Politics: Government announces new policy,Fake
Entertainment: Government suffers data breach,Real
Politics: Government reports record profits,Real
Economy: Government suffers data breach,Real
Crime: Government announces new policy,Real
Economy: Government declares emergency,Fake
Entertainment: Government wins major award,Fake
Health: Government introduces new law,Real
Technology: Government reports record profits,Real
Entertainment: Government wins major award,Fake
Entertainment: Government faces corruption charges,Fake
Environment: Government faces corruption charges,Real
Politics: Government introduces new law,Real
Science: Government faces corruption charges,Real
Science: Government announces new policy,Fake
Science: Government introduces new law,Real
Science: Government discovers new planet,Fake
Sports: Government declares emergency,Fake
Crime: Government launches new smartphone,Real
Technology: Government announces new policy,Fake
Sports: Government suffers data breach,Fake
Entertainment: Government faces corruption charges,Real
Environment: Government launches new smartphone,Fake
Science: Government discovers new planet,Fake
Entertainment: Government opens new school,Real
Politics: Government declares emergency,Real
Politics: Government suffers data breach,Fake
Science: Government announces new policy,Real
Economy: Government wins major award,Fake
Economy: Government wins major award,Real
Technology: Government reports record profits,Fake
Sports: Government announces new policy,Fake
Economy: Government discovers new planet,Real
Education: Government faces corruption charges,Real
Health: Government launches new smartphone,Real
Environment: Government discovers new planet,Fake
Health: Government launches new smartphone,Real
Technology: Government reports record profits,Real
Politics: Government wins major award,Fake
Environment: Government suffers data breach,Real
Health: Government declares emergency,Real
Technology: Government declares emergency,Real
Sports: Government announces new policy,Real
Politics: Government discovers new planet,Real
Crime: Government faces corruption charges,Real
Education: Government wins major award,Real
Economy: Government reports record profits,Fake
Education: Government opens new school,Real
Entertainment: Government announces new policy,Real
Health: Government faces corruption charges,Fake
Health: Government discovers new planet,Fake
Politics: Government wins major award,Real
Entertainment: Government opens new school,Real
Education: Government declares emergency,Fake
Entertainment: Government suffers data breach,Real
Crime: Government introduces new law,Real
Politics: Government suffers data breach,Real
Politics: Government introduces new law,Fake
Crime: Government faces corruption charges,Real
Sports: Government wins major award,Real
Entertainment: Government faces corruption charges,Fake
Sports: Government wins major award,Fake
Education: Government discovers new planet,Fake
Entertainment: Government launches new smartphone,Fake
Technology: Government launches new smartphone,Real
Science: Government suffers data breach,Fake
Health: Government wins major award,Real
Technology: Government faces corruption charges,Fake
Entertainment: Government reports record profits,Real
Education: Government launches new smartphone,Real
Entertainment: Government reports record profits,Real
Sports: Government suffers data breach,Fake
Politics: Government reports record profits,Fake
Technology: Government opens new school,Real
Sports: Government introduces new law,Real
Technology: Government discovers new planet,Fake
Sports: Government discovers new planet,Real
Environment: Government launches new smartphone,Fake
Entertainment: Government wins major award,Fake
Sports: Government reports record profits,Fake
Environment: Government faces corruption charges,Real
Health: Government wins major award,Fake
Crime: Government faces corruption charges,Fake
Technology: Government declares emergency,Real
Economy: Government introduces new law,Fake
Politics: Government wins major award,Fake
Health: Government faces corruption charges,Fake
Science: Government introduces new law,Fake
Entertainment: Government reports record profits,Fake
Health: Government launches new smartphone,Real
Entertainment: Government launches new smartphone,Real
Crime: Government faces corruption charges,Real
Technology: Government declares emergency,Fake
Environment: Government announces new policy,Fake
Education: Government launches new smartphone,Real
Economy: Government launches new smartphone,Fake
Education: Government reports record profits,Fake
Environment: Government discovers new planet,Real
Technology: Government announces new policy,Fake
Education: Government discovers new planet,Fake
Sports: Government declares emergency,Fake
Technology: Government faces corruption charges,Fake
Sports: Government opens new school,Real
Entertainment: Government launches new smartphone,Real
Crime: Government suffers data breach,Fake
Economy: Government reports record profits,Real
Science: Government declares emergency,Real
Science: Government declares emergency,Fake
Crime: Government reports record profits,Real
Education: Government wins major award,Real
Entertainment: Government introduces new law,Real
Sports: Government suffers data breach,Fake
Science: Government introduces new law,Fake
Health: Government introduces new law,Real
Education: Government wins major award,Real
Science: Government wins major award,Real
Health: Government discovers new planet,Fake
